<?xml version="1.0" encoding="UTF-8" ?>
<parameters>
				<parameter name="randomSeed" displayName="l. Default Random Seed" type="int" 
						defaultValue="__NULL__"
						isReadOnly="false" 
						converter="repast.simphony.parameter.StringConverterFactory$IntConverter"
									
		/>
					<parameter name="alpha" displayName="j. Alpha" type="java.lang.Float" 
						defaultValue="1.0" 
						isReadOnly="false" 
						converter="repast.simphony.parameter.StringConverterFactory$FloatConverter"
									
		/>
				<parameter name="beta" displayName="k. Beta" type="int" 
						defaultValue="40"
						isReadOnly="false" 
						converter="repast.simphony.parameter.StringConverterFactory$IntConverter"
									
		/>
				<parameter name="makeTemplate" displayName="b. Make Astrocyte Template?" type="boolean" 
						defaultValue="false" 
						isReadOnly="false" 
						converter="repast.simphony.parameter.StringConverterFactory$BooleanConverter"
									
		/>
				<parameter name="branchProbability" displayName="e. Branching Probability" type="int" 
						defaultValue="5" 
						isReadOnly="false" 
						converter="repast.simphony.parameter.StringConverterFactory$IntConverter"
									
		/>
				<parameter name="loadTemplate" displayName="a. Load Astrocyte Template?" type="boolean" 
						defaultValue="false" 
						isReadOnly="false" 
						converter="repast.simphony.parameter.StringConverterFactory$BooleanConverter"
									
		/>
				<parameter name="startingBranches" displayName="f. Number of Starting Branches" type="int" 
						defaultValue="35" 
						isReadOnly="false" 
						converter="repast.simphony.parameter.StringConverterFactory$IntConverter"
									
		/>
						<parameter name="startEC" displayName="g. Starting cell layout: EC only?" type="boolean" 
						defaultValue="false" 
						isReadOnly="false" 
						converter="repast.simphony.parameter.StringConverterFactory$BooleanConverter"
									
		/>
						<parameter name="startSparse" displayName="h. Starting cell layout: sparse EC?" type="boolean" 
						defaultValue="false" 
						isReadOnly="false" 
						converter="repast.simphony.parameter.StringConverterFactory$BooleanConverter"
									
		/>
						<parameter name="startECandPC" displayName="i. Starting cell layout: EC and PC?" type="boolean" 
						defaultValue="false" 
						isReadOnly="false" 
						converter="repast.simphony.parameter.StringConverterFactory$BooleanConverter"
									
		/>
						<parameter name="uniformVEGF" displayName="c. Uniform (bottom/top) VEGF Gradient?" type="boolean" 
						defaultValue="false" 
						isReadOnly="false" 
						converter="repast.simphony.parameter.StringConverterFactory$BooleanConverter"
									
		/>
								<parameter name="radialVEGF" displayName="d. Uniform (radial) VEGF Gradient?" type="boolean" 
						defaultValue="false" 
						isReadOnly="false" 
						converter="repast.simphony.parameter.StringConverterFactory$BooleanConverter"
									
		/>
		</parameters>


