<repast.simphony.visualization.engine.CartesianDisplayDescriptor>
  <name>Grid Display</name>
  <type>2D</type>
  <styles>
    <entry>
      <string>retina.EndothelialCell</string>
      <string>retina.ECstyle</string>
    </entry>
    <entry>
      <string>retina.Astrocyte</string>
      <string>repast.simphony.visualization.editedStyle.EditedStyle2D</string>
    </entry>
    <entry>
      <string>retina.Pericyte</string>
      <string>retina.PCstyle</string>
    </entry>
  </styles>
  <editedStyles>
    <entry>
      <string>retina.EndothelialCell</string>
      <null/>
    </entry>
    <entry>
      <string>retina.Astrocyte</string>
      <string>retina.Astrocyte.style_4.xml</string>
    </entry>
    <entry>
      <string>retina.Pericyte</string>
      <null/>
    </entry>
  </editedStyles>
  <netStyles/>
  <editedNetStyles/>
  <frequency>ON_MOVE</frequency>
  <schedParams>
    <start>1.0</start>
    <interval>1.0</interval>
    <priority>-Infinity</priority>
    <pType>LAST</pType>
    <duration>-1.0</duration>
    <frequency>REPEAT</frequency>
    <hashCode>-1946877266</hashCode>
  </schedParams>
  <layoutClassName>foo.bar.baz</layoutClassName>
  <layoutProjection>grid</layoutProjection>
  <layoutInterval>0</layoutInterval>
  <layerOrder>
    <entry>
      <string>retina.EndothelialCell</string>
      <int>2</int>
    </entry>
    <entry>
      <string>retina.Astrocyte</string>
      <int>0</int>
    </entry>
    <entry>
      <string>retina.Pericyte</string>
      <int>1</int>
    </entry>
  </layerOrder>
  <projections>
    <repast.simphony.scenario.data.ProjectionData>
      <id>grid</id>
      <attributes/>
      <type>grid</type>
    </repast.simphony.scenario.data.ProjectionData>
  </projections>
  <visualizationProperties class="repast.simphony.visualization.UnitSizeLayoutProperties">
    <unitSize>15.0</unitSize>
  </visualizationProperties>
  <projectionDescriptors>
    <entry>
      <string>grid</string>
      <repast.simphony.visualization.grid.GridProjectionDescriptor>
        <proj reference="../../../../projections/repast.simphony.scenario.data.ProjectionData"/>
        <props>
          <entry>
            <string>repast.simphony.visualization.grid.GridDecorator</string>
            <map>
              <entry>
                <string>COLOR</string>
                <int>-16777216</int>
              </entry>
              <entry>
                <string>UNIT_SIZE</string>
                <float>15.0</float>
              </entry>
              <entry>
                <string>SHOW</string>
                <boolean>true</boolean>
              </entry>
            </map>
          </entry>
        </props>
      </repast.simphony.visualization.grid.GridProjectionDescriptor>
    </entry>
  </projectionDescriptors>
  <props/>
  <backgroundColor>
    <red>255</red>
    <green>255</green>
    <blue>255</blue>
    <alpha>255</alpha>
  </backgroundColor>
  <valueLayerStyleName>retina.GradientStyle</valueLayerStyleName>
  <valueLayers>
    <string>Vegf</string>
  </valueLayers>
</repast.simphony.visualization.engine.CartesianDisplayDescriptor>